Fecha,id_producto,Precio Ars,id_empresa,Cotizacion_DolarBlue,Precio_dolarBlue,Cotizacion_DolarOficial,Precio_dolarOficial
2001-01-01,21,0.54,5572,2.95,0.1830508444987985,1.6,0.3374999949708582
2001-07-20,2,1.09,1397,2.95,0.36949151945127845,1.6,0.6812499898485841
2001-08-20,6,0.6,732,2.95,0.2033898272208872,1.6,0.3749999944120646
2001-10-20,3,1.18,8681,2.95,0.3999999935344115,1.6,0.7374999890103937
2002-02-20,19,1.19,3745,2.2,0.5409090791852024,1.6,0.7437499889172615
2002-02-20,21,1.25,3745,2.2,0.5681818058668092,1.6,0.781249988358468
2002-03-02,3,1.58,10918,2.2,0.7181818026156469,1.6,0.9874999852851036
2002-03-21,21,1.28,10175,2.55,0.5019607937001396,1.6,0.7999999880790712
2002-03-21,2,1.55,10175,2.55,0.6078431486212628,1.6,0.9687499855645003
2002-03-21,3,1.42,10175,2.55,0.5568627555110923,1.6,0.8874999867752196
2002-06-20,2,1.38,5962,3.67,0.3760217905481782,3.7,0.3729729681662873
2002-07-20,2,1.42,5172,3.62,0.392265205771047,3.65,0.38904108572552076
2002-07-20,3,1.57,5172,3.62,0.43370167116939706,3.65,0.4301369750627237
2002-07-20,21,1.27,5172,3.62,0.350828740372697,3.65,0.3479451963883179
2002-12-20,19,1.18,9671,3.51,0.33618233709575057,3.52,0.3352272745437366
2003-11-20,3,1.63,10175,2.89,0.5640138203572995,2.89,0.5640138203572995
2003-11-20,21,1.35,10175,2.89,0.4671280107253708,2.89,0.4671280107253708
2003-11-20,2,1.48,10175,2.89,0.5121107080544806,2.89,0.5121107080544806
2003-11-20,3,1.68,7792,2.89,0.5813148577915724,2.89,0.5813148577915724
2003-11-20,19,1.35,10175,2.89,0.4671280107253708,2.89,0.4671280107253708
2004-12-20,2,2.2,5092,2.97,0.7407407336051306,2.98,0.7382550288318467
2004-12-20,19,2.0,7573,2.97,0.673400666913755,2.98,0.6711409353016787
2004-12-20,21,2.1,7573,2.97,0.7070707002594427,2.98,0.7046979820667627
2004-12-20,3,2.5,7573,2.97,0.8417508336421937,2.98,0.8389261691270984
2004-12-20,2,2.4,7573,2.97,0.808080800296506,2.98,0.8053691223620144
2004-12-20,21,2.1,6392,2.97,0.7070707002594427,2.98,0.7046979820667627
2004-12-20,19,2.0,6392,2.97,0.673400666913755,2.98,0.6711409353016787
2004-12-20,2,2.4,6361,2.97,0.808080800296506,2.98,0.8053691223620144
2004-12-20,21,2.1,6361,2.97,0.7070707002594427,2.98,0.7046979820667627
2004-12-20,3,2.5,6361,2.97,0.8417508336421937,2.98,0.8389261691270984
2004-12-20,19,2.0,6361,2.97,0.673400666913755,2.98,0.6711409353016787
2004-12-20,2,2.4,6392,2.97,0.808080800296506,2.98,0.8053691223620144
2005-01-20,6,0.75,5962,2.97,0.25252525009265814,2.96,0.2533783751129669
2005-07-20,3,1.95,9161,2.87,0.6794425358034939,2.88,0.67708330642846
2005-10-05,21,1.6,8190,2.91,0.5498281624769314,2.93,0.5460750728824424
2006-01-01,21,1.68,2474,3.05,0.5508196807426653,3.05,0.5508196807426653
2006-11-02,19,1.55,8363,3.11,0.4983922997695926,3.11,0.4983922997695926
2007-07-20,3,2.2,471,3.15,0.6984126772679927,3.13,0.7028753736620758
2008-01-01,21,2.6,1151,3.17,0.8201892547080524,3.17,0.8201892547080524
2008-02-08,3,3.0,2835,3.17,0.9463722169708296,3.18,0.9433962066105374
2008-02-20,3,3.1,6989,3.18,0.9748427468308886,3.17,0.977917957536524
2008-03-08,19,2.7,1963,3.17,0.8517349952737467,3.17,0.8517349952737467
2009-01-01,19,3.1,10203,3.54,0.8757062241258592,3.47,0.8933717505592015
2009-01-20,3,3.5,2232,3.52,0.9943181872059984,3.47,1.0086455248249049
2009-01-20,3,3.5,2232,3.52,0.9943181872059984,3.47,1.0086455248249049
2010-03-06,19,3.7,1860,3.91,0.9462915393297048,3.88,0.9536082192959279
2010-07-20,19,3.8,5172,4.01,0.9476308686046152,3.96,0.9595959503521009
2011-01-01,21,4.1,8239,4.11,0.9975668775694531,4.01,1.0224438319155058
2012-01-20,19,5.0,3838,4.84,1.0330578186710508,4.34,1.152073692213711
2012-12-02,3,4.5,3071,6.44,0.6987577577665777,4.85,0.9278350697907727
2013-01-01,3,5.5,6942,6.8,0.8088235067248764,4.93,1.1156187001031728
2013-01-20,3,5.4,7288,7.48,0.7219251318489801,4.96,1.088709669046174
2013-01-20,2,5.1,7288,7.48,0.6818181800795923,4.96,1.0282257985436085
2013-01-20,19,4.7,7288,7.48,0.6283422443870753,4.96,0.9475806378735216
2013-01-20,21,4.8,7288,7.48,0.6417112283102044,4.96,0.9677419280410433
2013-04-20,2,5.0,2217,8.63,0.5793742680991746,5.17,0.9671179741227764
2013-11-10,3,5.4,9601,9.8,0.551020397438898,5.97,0.904522644853669
2013-11-10,21,4.8,9601,9.8,0.4897959088345759,5.97,0.8040201287588168
2013-11-10,19,4.7,9601,9.8,0.4795918274005223,5.97,0.7872697094096748
2013-12-03,19,4.7,9601,9.3,0.5053763337211951,6.19,0.7592891690715873
2013-12-03,3,5.4,9601,9.3,0.5806451493817987,6.19,0.8723747899971429
2013-12-03,2,5.1,9601,9.3,0.5483870855272541,6.19,0.8239095238861904
2013-12-03,21,4.8,9601,9.3,0.5161290216727098,6.19,0.7754442577752381
2013-12-11,2,5.1,9601,9.54,0.5345911971061882,6.29,0.8108108157281364
2013-12-11,21,4.8,9601,9.54,0.5031446560999419,6.29,0.7631160618617754
2013-12-11,19,4.7,9601,9.54,0.49266247576452643,6.29,0.7472178105729885
2013-12-11,3,5.4,9601,9.54,0.5660377381124346,6.29,0.8585055695944974
2014-01-01,6,12.0,782,10.0,1.2,6.53,1.837672222732163
2014-01-01,2,6.0,5773,10.0,0.6,6.53,0.9188361113660815
2014-02-05,6,12.0,7945,12.55,0.9561752842728317,7.91,1.517067033057656
2014-03-14,21,5.3,1013,10.95,0.4840182732711561,7.91,0.6700379396004646
2014-07-20,19,5.1,1411,12.25,0.4163265306122449,8.17,0.6242350002906547
2016-01-01,19,15.69,4643,14.32,1.0956704144114577,13.41,1.1700223846779454
2016-02-29,2,16.1,9589,15.61,1.0313901572133062,15.86,1.0151324305496887
2016-03-31,2,17.03,9589,15.26,1.1159894983335699,14.89,1.1437205914932638
2016-04-01,6,12.99,7017,15.21,0.8540433903629737,15.02,0.8648468444809942
2016-04-01,6,11.99,6365,15.21,0.7882971709354931,15.02,0.7982689503716028
2016-04-04,6,10.6,4324,15.19,0.6978275373811775,15.06,0.7038512420087826
2016-04-04,6,9.99,3886,15.19,0.6576695375884872,15.06,0.6633465950629941
2016-04-05,6,9.96,2424,15.1,0.65960263234315,14.99,0.6644429721200086
2016-04-21,6,8.59,7813,14.8,0.5804053979254362,14.69,0.5847515483574891
2016-04-21,6,7.99,3655,14.8,0.5398648579073615,14.69,0.5439074355502139
2016-04-21,6,8.59,7812,14.8,0.5804053979254362,14.69,0.5847515483574891
2016-04-30,2,19.8,9589,14.66,1.350613929473897,14.54,1.3617606638202921
2016-05-05,6,8.98,1582,14.58,0.6159122117277348,14.53,0.618031669995338
2016-05-06,6,8.9,130,14.54,0.6121045408081112,14.52,0.612947639078157
2016-05-06,6,10.9,4090,14.54,0.749656123012181,14.52,0.7506886815676304
2016-05-06,6,10.9,8797,14.54,0.749656123012181,14.52,0.7506886815676304
2016-05-06,6,10.9,4087,14.54,0.749656123012181,14.52,0.7506886815676304
2016-05-08,21,17.39,6111,14.54,1.196011007264388,14.52,1.1976583644459717
2016-05-08,2,14.49,6111,14.54,0.9965612130684864,14.52,0.9979338528362353
2016-05-08,19,15.19,6111,14.54,1.044704266839911,14.52,1.046143217707551
2016-05-08,3,15.89,6111,14.54,1.0928473206113354,14.52,1.0943525825788667
2016-05-09,6,10.96,6543,14.53,0.754301459147985,14.52,0.7548209128423146
2016-05-12,6,11.05,773,14.7,0.7517006900255462,14.49,0.7625949050755088
2016-05-12,6,8.59,3804,14.7,0.5843537490786824,14.49,0.5928226456650335
2016-05-12,6,11.05,8009,14.7,0.7517006900255462,14.49,0.7625949050755088
2016-05-12,6,11.05,5299,14.7,0.7517006900255462,14.49,0.7625949050755088
2016-05-14,6,9.09,6473,14.63,0.6213260375184468,14.45,0.6290657522480809
2016-05-18,6,11.99,8698,14.71,0.8150917721894437,14.41,0.832061077513008
2016-05-24,6,11.05,6105,14.66,0.753751713165988,14.32,0.7716480611374512
2016-05-31,6,11.03,3908,14.51,0.7601653911793211,14.29,0.7718684415286524
2016-05-31,2,19.8,9589,14.51,1.3645761328513653,14.29,1.385584328401389
2016-05-31,6,11.03,1215,14.51,0.7601653911793211,14.29,0.7718684415286524
2016-06-01,6,11.95,6029,14.43,0.82813581062183,14.25,0.8385964912280701
2016-06-01,6,11.94,2696,14.43,0.8274428099434853,14.25,0.8378947368421052
2016-06-01,6,11.95,6352,14.43,0.82813581062183,14.25,0.8385964912280701
2016-06-01,6,11.95,8384,14.43,0.82813581062183,14.25,0.8385964912280701
2016-06-01,6,11.29,145,14.43,0.7823977658510846,14.25,0.7922807017543859
2016-06-01,6,9.0,449,14.43,0.6237006105101649,14.25,0.631578947368421
2016-06-02,6,11.03,1210,14.36,0.7681058679462549,14.22,0.7756680585706246
2016-06-08,6,9.5,247,14.23,0.6676036757276677,14.14,0.671852883262915
2016-06-08,6,11.99,7020,14.23,0.8425861128394457,14.14,0.8479490600339317
2016-06-08,6,9.3,6922,14.23,0.653548861501822,14.14,0.6577086120363274
2016-06-09,6,9.5,5617,14.31,0.6638713991214867,14.14,0.671852883262915
2016-06-09,6,11.6,4374,14.31,0.810621918927289,14.14,0.8203677311420856
2016-06-10,6,9.98,5352,14.31,0.6974143750770987,14.11,0.7072998045947638
2016-06-13,6,11.49,7301,14.41,0.7973629508444088,14.1,0.8148935949746641
2016-06-14,6,12.49,5923,14.41,0.8667592041816071,14.07,0.887704354719678
2016-06-14,6,10.99,2530,14.41,0.7626648241758096,14.07,0.7810945443049849
2016-06-15,6,11.99,7718,14.46,0.8291839535524995,14.05,0.8533807713331342
2016-06-16,6,11.49,1627,14.42,0.7968099819145785,14.13,0.813163475367362
2016-06-16,6,11.49,4807,14.42,0.7968099819145785,14.13,0.813163475367362
2016-06-27,6,11.95,1413,15.32,0.7800261251987651,15.43,0.7744653119670734
2016-06-29,6,10.9,179,15.02,0.7256990457923662,15.18,0.7180500514406136
2016-06-30,6,11.0,2533,15.05,0.730897000703818,15.23,0.72225872164306
2016-06-30,6,8.99,2387,15.05,0.5973421851206658,15.23,0.5902823552337373
2016-06-30,6,9.9,3962,15.05,0.6578073006334362,15.23,0.6500328494787541
2016-07-01,6,10.49,2575,15.05,0.6970099579439137,15.34,0.6838331092343773
2016-07-01,6,8.0,7299,15.05,0.5315614550573221,15.34,0.521512380731651
2016-07-01,6,10.7,1546,15.05,0.7109634461391684,15.34,0.6975228092285831
2016-07-01,6,10.48,8239,15.05,0.696345506125092,15.34,0.6831812187584628
2016-07-01,6,10.48,3417,15.05,0.696345506125092,15.34,0.6831812187584628
2016-07-01,6,8.9,523,15.05,0.591362118751271,15.34,0.5801825235639617
2016-07-01,6,10.89,5826,15.05,0.7235880306967798,15.34,0.70990872827096
2016-07-01,6,10.5,1185,15.05,0.6976744097627353,15.34,0.6844849997102919
2016-07-01,6,10.45,1036,15.05,0.694352150668627,15.34,0.681225547330719
2016-07-01,6,10.69,135,15.05,0.7102989943203467,15.34,0.6968709187526686
2016-07-02,6,10.39,1391,15.05,0.6903654397556972,15.34,0.6773142044752317
2016-07-05,6,10.5,7460,15.0,0.7,15.23,0.6894287797501937
2016-07-05,6,10.5,1049,15.0,0.7,15.23,0.6894287797501937
2016-07-06,6,10.47,7297,14.91,0.7022132868644698,15.05,0.6956810543062705
2016-07-06,6,9.95,732,14.91,0.6673373643076861,15.05,0.6611295597275444
2016-07-06,6,10.79,5434,14.91,0.7236753930532596,15.05,0.7169435125085633
2016-07-06,6,10.0,1044,14.91,0.6706908183996846,15.05,0.6644518188216527
2016-07-06,6,9.95,5675,14.91,0.6673373643076861,15.05,0.6611295597275444
2016-07-06,6,10.47,3412,14.91,0.7022132868644698,15.05,0.6956810543062705
2016-07-06,6,10.59,2563,14.91,0.710261576685266,15.05,0.7036544761321302
2016-07-06,6,9.95,504,14.91,0.6673373643076861,15.05,0.6611295597275444
2016-07-07,6,10.99,6949,14.9,0.7375839115010694,14.96,0.7346256665759529
2016-07-07,6,10.99,6790,14.9,0.7375839115010694,14.96,0.7346256665759529
2016-07-07,6,10.99,2446,14.9,0.7375839115010694,14.96,0.7346256665759529
2016-07-10,6,10.99,8661,14.9,0.7375839115010694,14.96,0.7346256665759529
2016-07-12,6,10.49,7400,15.09,0.6951623521488829,14.9,0.7040268636620762
2016-07-12,6,10.99,2653,15.09,0.7282968779901071,14.9,0.7375839115010694
2016-07-15,6,8.3,2158,15.26,0.5439056274908179,15.13,0.5485789780052953
2016-07-15,6,9.69,7535,15.26,0.6349934373959066,15.13,0.6404494333579893
2016-07-15,6,9.59,2122,15.26,0.6284403575466198,15.13,0.6338400480808171
2016-07-18,6,10.5,5890,15.39,0.6822611933569985,15.36,0.6835937652795113
2016-07-18,6,10.95,6481,15.39,0.7115009587865841,15.36,0.7128906409343475
2016-07-18,6,10.5,2652,15.39,0.6822611933569985,15.36,0.6835937652795113
2016-07-20,6,10.99,1788,15.37,0.7150292831378404,15.27,0.7197118317316352
2016-07-21,6,10.97,1317,15.33,0.7155903492886635,15.29,0.7174623955113812
2016-07-23,6,10.85,8648,15.43,0.7031756179784725,15.19,0.7142857340175262
2016-07-28,6,9.59,6504,15.52,0.6179123529086451,15.28,0.6276178120151856
2016-07-29,6,10.69,4116,15.47,0.6910148555577974,15.28,0.699607342069065
2016-07-29,6,10.69,8402,15.47,0.6910148555577974,15.28,0.699607342069065
2016-07-29,6,10.6,8925,15.47,0.6851971439581527,15.28,0.6937172896101114
2016-07-30,6,10.69,6865,15.47,0.6910148555577974,15.28,0.699607342069065
2016-08-01,6,10.68,6611,15.49,0.6894770921761642,15.26,0.6998689279038476
2016-08-01,6,10.6,6426,15.49,0.6843124697628595,15.26,0.6946264640244181
2016-08-05,6,10.69,929,15.24,0.7014435800884313,15.12,0.7070105873618346
2016-08-08,6,8.65,6466,15.33,0.564253101307834,15.04,0.5751329801821531
2016-08-09,6,8.99,3885,15.35,0.5856677378883054,15.05,0.5973421851206658
2016-08-12,21,16.48,3701,15.34,1.074315504307201,14.98,1.1001335449667005
2016-08-15,6,11.7,5980,15.34,0.7627118568200395,14.98,0.7810414123853394
2016-08-15,6,11.7,3110,15.34,0.7627118568200395,14.98,0.7810414123853394
2016-08-16,6,10.15,8103,15.37,0.6603773634075597,14.97,0.6780226999965535
2016-08-30,6,11.99,3530,15.49,0.774047784194027,15.33,0.7821265531423041
2016-09-01,6,8.55,331,15.28,0.5595549836006087,15.16,0.5639841745420288
2016-09-03,6,8.0,2671,15.39,0.5198180520815228,15.2,0.5263157960780771
2016-09-08,6,9.99,1248,15.38,0.6495448586258447,15.29,0.65336821614938
2016-09-09,6,7.9,3674,15.38,0.5136540924068241,15.27,0.5173542739472173
2016-09-29,6,9.5,1875,15.74,0.6035578232619709,15.62,0.6081946267351057
2016-10-01,6,9.99,5387,15.71,0.6359006986468692,15.53,0.6432710992770068
2016-10-05,6,8.0,7208,15.6,0.5128205002804169,15.46,0.5174644230440038
2016-10-07,6,11.48,5358,15.55,0.7382636565393815,15.47,0.7420814351546786
2016-10-07,6,11.48,5165,15.55,0.7382636565393815,15.47,0.7420814351546786
2016-10-07,6,11.44,5357,15.55,0.7356913093040526,15.47,0.7394957855548365
2016-10-08,6,11.99,2583,15.55,0.7710610837898244,15.47,0.7750484675526652
2016-10-08,6,11.45,4245,15.55,0.7363343961128849,15.47,0.7401421979547971
2016-10-13,6,11.99,1478,15.55,0.7710610837898244,15.38,0.7795838693617495
2016-10-14,6,9.19,7726,15.6,0.5891025496971289,15.39,0.5971409873286492
2016-10-15,6,11.0,7131,15.6,0.7051281878855733,15.39,0.7147498216120938
2016-10-21,6,10.99,8566,15.56,0.7062981814669337,15.4,0.7136363813136802
2016-10-21,6,10.99,8104,15.56,0.7062981814669337,15.4,0.7136363813136802
2016-10-22,6,8.2,6491,15.56,0.5269922737059923,15.4,0.532467545657159
2016-10-22,6,8.2,7080,15.56,0.5269922737059923,15.4,0.532467545657159
2016-10-25,6,8.7,3568,15.61,0.5573350538978735,15.42,0.5642023318388312
2016-10-31,6,10.5,6433,15.56,0.6748071797454781,15.4,0.6818181987073377
2016-11-01,6,10.99,8708,15.43,0.7122488517588399,15.35,0.7159608942594523
2016-11-04,6,9.9,5253,15.42,0.642023343126946,15.29,0.6474820160038901
2016-11-09,6,10.68,6318,15.38,0.6944083173297317,15.2,0.7026315877642328
2016-11-12,6,11.99,6431,15.45,0.7760517895158662,15.48,0.7745478265219546
2016-11-12,6,11.99,8565,15.45,0.7760517895158662,15.48,0.7745478265219546
2016-11-12,6,11.99,2747,15.45,0.7760517895158662,15.48,0.7745478265219546
2016-11-13,6,9.0,1381,15.45,0.5825242790360964,15.48,0.5813953660298241
2016-11-15,3,22.89,6229,15.85,1.444164003097486,15.75,1.4533333333333334
2016-11-20,3,27.64,3729,15.85,1.743848538471582,15.7,1.7605095755280606
2016-11-20,2,24.34,3729,15.85,1.5356466507379996,15.7,1.5503184901719609
2016-11-20,19,20.54,3729,15.85,1.2958990224387226,15.7,1.3082802706709973
2016-11-30,19,17.86,2693,16.15,1.105882379062579,16.11,1.1086281392518362
2016-11-30,6,10.5,6433,16.15,0.6501548141185374,16.11,0.651769062830027
2016-12-01,6,8.65,1013,16.25,0.5323076923076924,16.11,0.5369335612837841
2016-12-01,6,8.9,1547,16.25,0.5476923076923077,16.11,0.5524518723035466
2016-12-01,6,9.25,4103,16.25,0.5692307692307692,16.11,0.5741775077312142
2016-12-13,6,8.59,3280,16.36,0.5250611051056316,16.24,0.5289408941542465
2016-12-20,6,12.0,8220,16.58,0.7237635738973932,16.11,0.7448789289486022
2016-12-23,6,8.99,2487,16.66,0.539615851280843,15.84,0.5675504995832492
2016-12-28,6,12.29,8274,16.8,0.7315476522694384,15.9,0.772955993387378
2016-12-28,6,12.29,3308,16.8,0.7315476522694384,15.9,0.772955993387378
2016-12-31,3,21.3,910,16.87,1.2625962620264997,16.17,1.3172541681819099
2016-12-31,19,16.87,1437,16.87,0.9999999502529131,16.17,1.0432900383675503
2016-12-31,21,19.54,2693,16.87,1.1582690591548264,16.17,1.2084106312804939
2016-12-31,19,16.87,1399,16.87,0.9999999502529131,16.17,1.0432900383675503
2016-12-31,21,19.5,7996,16.87,1.1558979863622885,16.17,1.2059369145327343
2016-12-31,21,19.5,830,16.87,1.1558979863622885,16.17,1.2059369145327343
2016-12-31,6,10.29,2693,16.87,0.6099584758804075,16.17,0.6363636333611198
2016-12-31,21,19.78,1437,16.87,1.1724954959100546,16.17,1.2232529317670506
2016-12-31,6,9.99,6601,16.87,0.5921754299363724,16.17,0.6178107577529239
2016-12-31,2,18.9,2693,16.87,1.1203318944742178,16.17,1.1688311633163424
2016-12-31,19,17.4,830,16.87,1.031416664754042,16.17,1.076066785275363
2016-12-31,2,19.23,1437,16.87,1.1398932450126567,16.17,1.189239326485358
2016-12-31,19,17.4,7996,16.87,1.031416664754042,16.17,1.076066785275363
2016-12-31,2,19.23,910,16.87,1.1398932450126567,16.17,1.189239326485358
2016-12-31,3,21.3,1437,16.87,1.2625962620264997,16.17,1.3172541681819099
2016-12-31,3,20.39,2693,16.87,1.2086543559962595,16.17,1.2609771121703823
2016-12-31,19,16.87,910,16.87,0.9999999502529131,16.17,1.0432900383675503
2016-12-31,3,21.6,830,16.87,1.2803793079705348,16.17,1.335807043790106
2016-12-31,19,19.09,7046,16.87,1.1315944902387736,16.17,1.1805813178681999
2016-12-31,21,20.81,1366,16.87,1.2335506203179087,16.17,1.2869511380218566
2016-12-31,2,19.6,830,16.87,1.1618256683436334,16.17,1.2121212064021332
2016-12-31,2,19.2,1399,16.87,1.1381149404182531,16.17,1.1873840389245385
2016-12-31,19,16.87,1366,16.87,0.9999999502529131,16.17,1.0432900383675503
2016-12-31,6,9.49,7046,16.87,0.562537020029647,16.17,0.5868892984059307
2016-12-31,3,21.3,1399,16.87,1.2625962620264997,16.17,1.3172541681819099
2016-12-31,6,10.99,1399,16.87,0.6514522497498231,16.17,0.6796536764469103
2016-12-31,2,19.23,1366,16.87,1.1398932450126567,16.17,1.189239326485358
2016-12-31,3,21.31,7046,16.87,1.263189030224634,16.17,1.3178725973688497
2016-12-31,2,19.6,7996,16.87,1.1618256683436334,16.17,1.2121212064021332
2016-12-31,21,19.78,910,16.87,1.1724954959100546,16.17,1.2232529317670506
2016-12-31,3,21.6,7996,16.87,1.2803793079705348,16.17,1.335807043790106
2016-12-31,6,10.5,6433,16.87,0.6224066080412322,16.17,0.649350646286857
2016-12-31,21,19.78,1399,16.87,1.1724954959100546,16.17,1.2232529317670506
2016-12-31,2,19.06,7046,16.87,1.12981618564437,16.17,1.1787260303073803
2017-01-01,19,16.41,2684,16.87,0.9727326131387257,16.17,1.0148422957683165
2017-01-01,6,10.4,3658,16.87,0.6164789260598872,16.17,0.6431663544174584
2017-01-01,2,18.15,1633,16.87,1.0758742796141298,16.17,1.1224489742958528
2017-01-01,2,18.46,2684,16.87,1.0942500937562998,16.17,1.1416202790909886
2017-01-01,6,8.0,3368,16.87,0.47421455850760547,16.17,0.49474334955189103
2017-01-01,6,9.39,6587,16.87,0.5566093380483019,16.17,0.5807050065365321
2017-01-01,6,7.95,7717,16.87,0.471250717516933,16.17,0.4916512036171917
2017-01-01,3,21.32,599,16.87,1.2637817984227686,16.17,1.3184910265557896
2017-01-01,6,8.5,4294,16.87,0.5038529684143308,16.17,0.5256648088988842
2017-01-01,19,17.9,5824,16.87,1.0610550746607672,16.17,1.106988244622356
2017-01-01,6,8.6,6586,16.87,0.5097806503956759,16.17,0.5318491007682828
2017-01-01,3,20.74,7717,16.87,1.229401242930967,16.17,1.2826221337132775
2017-01-01,19,16.75,599,16.87,0.992886731875299,16.17,1.035868888124272
2017-01-01,6,8.8,1028,16.87,0.521636014358366,16.17,0.5442176845070802
2017-01-01,21,19.78,599,16.87,1.1724954959100546,16.17,1.2232529317670506
2017-01-01,6,9.15,6588,16.87,0.5423829012930738,16.17,0.5658627060499754
2017-01-01,6,9.15,6589,16.87,0.5423829012930738,16.17,0.5658627060499754
2017-01-01,2,19.33,1904,16.87,1.1458209269940016,16.17,1.1954236183547566
2017-01-01,6,9.0,7781,16.87,0.5334913783210562,16.17,0.5565862682458774
2017-01-01,3,21.32,1904,16.87,1.2637817984227686,16.17,1.3184910265557896
2017-01-01,6,9.3,6798,16.87,0.5512744242650914,16.17,0.5751391438540734
2017-01-01,21,21.0,5824,16.87,1.2448132160824643,16.17,1.298701292573714
2017-01-01,6,11.49,7233,16.87,0.6810906596565484,16.17,0.7105751357939035
2017-01-01,6,11.49,7233,16.87,0.6810906596565484,16.17,0.7105751357939035
2017-01-01,21,19.18,2684,16.87,1.1369294040219842,16.17,1.1861471805506587
2017-01-01,6,9.8,1259,16.87,0.5809128341718167,16.17,0.6060606032010666
2017-01-01,21,19.18,7717,16.87,1.1369294040219842,16.17,1.1861471805506587
2017-01-01,3,20.74,2684,16.87,1.229401242930967,16.17,1.2826221337132775
2017-01-01,3,22.6,5824,16.87,1.3396561277839856,16.17,1.3976499624840923
2017-01-01,2,18.99,6861,16.87,1.1256668082574284,16.17,1.1743970259988012
2017-01-01,2,18.65,7717,16.87,1.1055126895208551,16.17,1.1533704336428459
2017-01-01,19,17.54,4431,16.87,1.039715419527925,16.17,1.084724793892521
2017-01-01,6,11.01,8372,16.87,0.652637786146092,16.17,0.68089053482079
2017-01-01,21,19.54,8453,16.87,1.1582690591548264,16.17,1.2084106312804939
2017-01-01,21,19.61,3037,16.87,1.1624184365417678,16.17,1.212739635589073
2017-01-01,19,17.98,7884,16.87,1.0657972202458434,16.17,1.111935678117875
2017-01-01,3,21.12,3037,16.87,1.2519264344600785,16.17,1.3061224428169924
2017-01-01,3,20.69,8453,16.87,1.2264374019402948,16.17,1.2795299877785782
2017-01-01,21,20.19,4431,16.87,1.1967989920335693,16.17,1.248608528431585
2017-01-01,2,18.99,3037,16.87,1.1256668082574284,16.17,1.1743970259988012
2017-01-01,21,20.6,7884,16.87,1.2211024881570842,16.17,1.2739641250961196
2017-01-01,3,20.99,7884,16.87,1.2442204478843297,16.17,1.298082863386774
2017-01-01,2,15.0,1952,16.87,0.8891522972017603,16.17,0.9276437804097957
2017-01-01,6,11.89,4431,16.87,0.7048013875819287,16.17,0.7353123032714981
2017-01-01,2,18.55,8453,16.87,1.0995850075395102,16.17,1.1471861417734475
2017-01-01,6,11.7,7827,16.87,0.693538791817373,16.17,0.7235621487196406
2017-01-01,2,19.68,7884,16.87,1.1665678139287095,16.17,1.217068639897652
2017-01-01,3,21.35,1754,16.87,1.2655601030171721,16.17,1.3203463141166092
2017-01-01,19,16.81,1633,16.87,0.9964433410641059,16.17,1.039579463245911
2017-01-01,3,21.99,4431,16.87,1.3034972676977805,16.17,1.3599257820807604
2017-01-01,19,16.73,7144,16.87,0.99170119547903,16.17,1.0346320297503921
2017-01-01,21,19.54,7144,16.87,1.1582690591548264,16.17,1.2084106312804939
2017-01-01,19,16.75,3037,16.87,0.992886731875299,16.17,1.035868888124272
2017-01-01,2,21.8,528,16.87,1.292234671933225,16.17,1.3481756275289032
2017-01-01,6,10.8,2649,16.87,0.6401896539852674,16.17,0.667903521895053
2017-01-01,6,8.99,1348,16.87,0.5328986101229217,16.17,0.5559678390589375
2017-01-01,3,22.46,4361,16.87,1.3313573730101025,16.17,1.3889919538669342
2017-01-01,21,20.36,4361,16.87,1.206876051401856,16.17,1.2591218246095626
2017-01-01,19,18.25,4361,16.87,1.081801961595475,16.17,1.1286332661652514
2017-01-01,2,20.46,4361,16.87,1.2128037333832011,16.17,1.2653061164789614
2017-01-01,6,10.0,7125,16.87,0.5927681981345069,16.17,0.6184291869398638
2017-01-01,2,22.5,2530,16.87,1.3337284458026404,16.17,1.3914656706146935
2017-01-01,2,23.3,6456,16.87,1.381149901653401,16.17,1.4409400055698827
2017-01-01,19,17.32,1754,16.87,1.026674519168966,16.17,1.071119351779844
2017-01-01,2,21.85,7125,16.87,1.2951985129238976,16.17,1.3512677734636025
2017-01-01,6,10.69,5034,16.87,0.6336692038057878,16.17,0.6611008008387144
2017-01-01,19,21.9,6456,16.87,1.29816235391457,16.17,1.3543599193983016
2017-01-01,2,19.15,6523,16.87,1.1351510994275806,16.17,1.1842918929898392
2017-01-01,6,10.89,7840,16.87,0.645524567768478,16.17,0.6734693845775117
2017-01-01,3,21.57,6523,16.87,1.2786010033761313,16.17,1.3339517562292862
2017-01-01,6,9.0,6523,16.87,0.5334913783210562,16.17,0.5565862682458774
2017-01-01,21,20.29,6523,16.87,1.2027266740149143,16.17,1.2547928203009835
2017-01-01,2,20.77,750,16.87,1.2311795475253706,16.17,1.284477421274097
2017-01-01,6,11.99,7491,16.87,0.7107290695632738,16.17,0.7414965951408967
2017-01-01,19,17.27,6523,16.87,1.0237106781782932,16.17,1.0680272058451448
2017-01-01,6,7.89,1754,16.87,0.4676941083281259,16.17,0.48794062849555253
2017-01-01,2,20.55,5901,16.87,1.2181386471664115,16.17,1.27087197916142
2017-01-01,19,16.73,8453,16.87,0.99170119547903,16.17,1.0346320297503921
2017-01-01,2,20.4,5824,16.87,1.2092471241943938,16.17,1.261595541357322
2017-01-01,19,14.39,1694,16.87,0.8529934371155554,16.17,0.889919600006464
2017-01-01,19,17.8,2862,16.87,1.0551273926794222,16.17,1.1008039527529576
2017-01-01,6,9.6,7334,16.87,0.5690574702091266,16.17,0.5936920194622692
2017-01-01,21,18.34,7383,16.87,1.0871368753786856,16.17,1.1341991288477102
2017-01-01,6,11.99,4097,16.87,0.7107290695632738,16.17,0.7414965951408967
2017-01-01,21,19.14,8077,16.87,1.134558331229446,16.17,1.1836734638028994
2017-01-01,6,11.79,6877,16.87,0.6988737056005835,16.17,0.7291280114020994
2017-01-01,6,8.8,1335,16.87,0.521636014358366,16.17,0.5442176845070802
2017-01-01,19,15.94,7383,16.87,0.9448725078264039,16.17,0.9857761239821429
2017-01-01,6,8.0,1633,16.87,0.47421455850760547,16.17,0.49474334955189103
2017-01-01,19,16.04,1610,16.87,0.9508001898077489,16.17,0.9919604158515415
2017-01-01,2,17.76,1610,16.87,1.0527563198868843,16.17,1.098330236005198
2017-01-01,6,7.8,6081,16.87,0.4623591945449153,16.17,0.48237476581309374
2017-01-01,3,22.99,750,16.87,1.362774087511231,16.17,1.4217687007747468
2017-01-01,3,20.61,1633,16.87,1.2216952563552186,16.17,1.2745825542830593
2017-01-01,2,19.23,599,16.87,1.1398932450126567,16.17,1.189239326485358
2017-01-01,19,16.39,8077,16.87,0.9715470767424568,16.17,1.0136054373944368
2017-01-01,6,7.5,2672,16.87,0.44457614860088013,16.17,0.46382189020489784
2017-01-01,19,16.73,1904,16.87,0.99170119547903,16.17,1.0346320297503921
2017-01-01,6,11.99,4101,16.87,0.7107290695632738,16.17,0.7414965951408967
2017-01-01,6,11.99,6073,16.87,0.7107290695632738,16.17,0.7414965951408967
2017-01-01,21,19.53,1904,16.87,1.157676290956692,16.17,1.207792202093554
2017-01-01,6,8.5,7377,16.87,0.5038529684143308,16.17,0.5256648088988842
2017-01-01,19,16.49,6861,16.87,0.9774747587238017,16.17,1.0197897292638354
2017-01-01,6,9.0,1589,16.87,0.5334913783210562,16.17,0.5565862682458774
2017-01-01,6,8.0,6861,16.87,0.47421455850760547,16.17,0.49474334955189103
2017-01-01,2,20.62,2862,16.87,1.2222880245533532,16.17,1.275200983469999
2017-01-01,3,20.69,7144,16.87,1.2264374019402948,16.17,1.2795299877785782
2017-01-01,2,18.65,1754,16.87,1.1055126895208551,16.17,1.1533704336428459
2017-01-01,6,8.5,304,16.87,0.5038529684143308,16.17,0.5256648088988842
2017-01-01,21,15.46,1694,16.87,0.9164196343159476,16.17,0.9560915230090294
2017-01-01,6,9.25,8635,16.87,0.5483105832744188,16.17,0.572046997919374
2017-01-01,19,15.9,1952,16.87,0.942501435033866,16.17,0.9833024072343834
2017-01-01,21,19.82,2862,16.87,1.1748665687025925,16.17,1.22572664851481
2017-01-01,2,18.55,7144,16.87,1.0995850075395102,16.17,1.1471861417734475
2017-01-01,2,19.4,4431,16.87,1.1499703043809433,16.17,1.1997526226633357
2017-01-01,2,16.93,8077,16.87,1.0035565594417202,16.17,1.0470006134891894
2017-01-01,3,19.16,8077,16.87,1.1357438676257152,16.17,1.184910322176779
2017-01-01,3,15.94,1694,16.87,0.9448725078264039,16.17,0.9857761239821429
2017-01-01,6,8.0,6158,16.87,0.47421455850760547,16.17,0.49474334955189103
2017-01-01,6,10.89,4755,16.87,0.645524567768478,16.17,0.6734693845775117
2017-01-01,2,18.0,3789,16.87,1.0669827566421124,16.17,1.1131725364917548
2017-01-01,19,16.0,3789,16.87,0.9484291170152109,16.17,0.9894866991037821
2017-01-01,2,17.76,7383,16.87,1.0527563198868843,16.17,1.098330236005198
2017-01-01,21,19.6,1633,16.87,1.1618256683436334,16.17,1.2121212064021332
2017-01-01,3,22.55,2862,16.87,1.336692286793313,16.17,1.3945578165493928
2017-01-01,2,13.77,1694,16.87,0.8162418088312159,16.17,0.8515769904161924
2017-01-01,3,20.2,7383,16.87,1.197391760231704,16.17,1.2492269576185249
2017-01-01,6,9.25,7334,16.87,0.5483105832744188,16.17,0.572046997919374
2017-01-01,6,10.89,8050,16.87,0.645524567768478,16.17,0.6734693845775117
2017-01-01,19,17.32,7717,16.87,1.026674519168966,16.17,1.071119351779844
2017-01-01,2,17.76,1624,16.87,1.0527563198868843,16.17,1.098330236005198
2017-01-01,21,18.34,1624,16.87,1.0871368753786856,16.17,1.1341991288477102
2017-01-01,2,15.5,8944,16.87,0.9187907071084856,16.17,0.9585652397567889
2017-01-01,19,18.21,3048,16.87,1.0794308888029371,16.17,1.126159549417492
2017-01-01,2,21.8,530,16.87,1.292234671933225,16.17,1.3481756275289032
2017-01-01,6,9.0,2509,16.87,0.5334913783210562,16.17,0.5565862682458774
2017-01-01,21,18.5,8944,16.87,1.0966211665488377,16.17,1.144093995838748
2017-01-01,6,8.3,1620,16.87,0.4919976044516407,16.17,0.513296225160087
2017-01-01,19,16.95,2509,16.87,1.0047420958379891,16.17,1.0482374718630691
2017-01-01,6,8.29,1624,16.87,0.4914048362535061,16.17,0.512677795973147
2017-01-01,3,19.98,1624,16.87,1.1843508598727448,16.17,1.2356215155058479
2017-01-01,3,20.2,1620,16.87,1.197391760231704,16.17,1.2492269576185249
2017-01-01,2,17.76,1620,16.87,1.0527563198868843,16.17,1.098330236005198
2017-01-01,19,15.9,8944,16.87,0.942501435033866,16.17,0.9833024072343834
2017-01-01,3,19.5,5364,16.87,1.1558979863622885,16.17,1.2059369145327343
2017-01-01,21,21.36,3048,16.87,1.2661528712153065,16.17,1.320964743303549
2017-01-01,6,8.9,3715,16.87,0.5275636963397111,16.17,0.5504019763764788
2017-01-01,3,22.99,3048,16.87,1.362774087511231,16.17,1.4217687007747468
2017-01-01,6,10.99,3909,16.87,0.6514522497498231,16.17,0.6796536764469103
2017-01-01,21,21.36,750,16.87,1.2661528712153065,16.17,1.320964743303549
2017-01-01,6,11.44,2936,16.87,0.6781268186658758,16.17,0.7074829898592041
2017-01-01,2,20.83,3048,16.87,1.2347361567141777,16.17,1.2881879963957361
2017-01-01,19,16.99,5685,16.87,1.007113168630527,16.17,1.0507111886108285
2017-01-01,21,19.99,5685,16.87,1.1849436280708792,16.17,1.2362399446927876
2017-01-01,19,19.3,528,16.87,1.1440426223995983,16.17,1.193568330793937
2017-01-01,6,10.99,3912,16.87,0.6514522497498231,16.17,0.6796536764469103
2017-01-01,6,8.5,1583,16.87,0.5038529684143308,16.17,0.5256648088988842
2017-01-01,6,9.0,5685,16.87,0.5334913783210562,16.17,0.5565862682458774
2017-01-01,2,13.77,1477,16.87,0.8162418088312159,16.17,0.8515769904161924
2017-01-01,6,9.0,6570,16.87,0.5334913783210562,16.17,0.5565862682458774
2017-01-01,6,8.3,1395,16.87,0.4919976044516407,16.17,0.513296225160087
2017-01-01,6,9.35,2884,16.87,0.5542382652557639,16.17,0.5782312897887726
2017-01-01,3,20.98,2509,16.87,1.2436276796861954,16.17,1.2974644341998343
2017-01-01,19,16.04,1624,16.87,0.9508001898077489,16.17,0.9919604158515415
2017-01-01,21,15.92,1477,16.87,0.9436869714301349,16.17,0.9845392656082631
2017-01-01,3,15.99,1477,16.87,0.9478363488170765,16.17,0.9888682699168422
2017-01-01,6,8.3,1545,16.87,0.4919976044516407,16.17,0.513296225160087
2017-01-01,19,16.04,1620,16.87,0.9508001898077489,16.17,0.9919604158515415
2017-01-01,19,18.21,3281,16.87,1.0794308888029371,16.17,1.126159549417492
2017-01-01,21,21.36,3281,16.87,1.2661528712153065,16.17,1.320964743303549
2017-01-01,3,22.99,3281,16.87,1.362774087511231,16.17,1.4217687007747468
2017-01-01,2,20.83,3281,16.87,1.2347361567141777,16.17,1.2881879963957361
2017-01-01,2,18.65,2509,16.87,1.1055126895208551,16.17,1.1533704336428459
2017-01-01,19,18.21,7407,16.87,1.0794308888029371,16.17,1.126159549417492
2017-01-01,3,23.65,530,16.87,1.4018967885881086,16.17,1.4625850271127778
2017-01-01,21,18.34,1620,16.87,1.0871368753786856,16.17,1.1341991288477102
2017-01-01,6,11.99,4095,16.87,0.7107290695632738,16.17,0.7414965951408967
2017-01-01,19,16.55,4791,16.87,0.9810313679126089,16.17,1.0235003043854747
2017-01-01,21,19.38,4791,16.87,1.1487847679846743,16.17,1.198515764289456
2017-01-01,6,10.89,4791,16.87,0.645524567768478,16.17,0.6734693845775117
2017-01-01,21,21.36,7407,16.87,1.2661528712153065,16.17,1.320964743303549
2017-01-01,3,22.99,7407,16.87,1.362774087511231,16.17,1.4217687007747468
2017-01-01,6,11.44,3150,16.87,0.6781268186658758,16.17,0.7074829898592041
2017-01-01,2,18.5,5364,16.87,1.0966211665488377,16.17,1.144093995838748
2017-01-01,3,21.41,4791,16.87,1.2691167122059792,16.17,1.3240568892382483
2017-01-01,19,14.99,1477,16.87,0.8885595290036258,16.17,0.9270253512228558
2017-01-01,6,9.99,7606,16.87,0.5921754299363724,16.17,0.6178107577529239
2017-01-01,6,7.99,8493,16.87,0.473621790309471,16.17,0.4941249203649512
2017-01-01,2,19.0,4791,16.87,1.126259576455563,16.17,1.1750154551857412
2017-01-01,19,17.84,4528,16.87,1.0574984654719601,16.17,1.103277669500717
2017-01-01,6,9.5,1948,16.87,0.5631297882277815,16.17,0.5875077275928706
2017-01-01,6,11.29,6906,16.87,0.6692352956938582,16.17,0.6982065520551062
2017-01-01,3,20.99,5685,16.87,1.2442204478843297,16.17,1.298082863386774
2017-01-01,2,18.99,5685,16.87,1.1256668082574284,16.17,1.1743970259988012
2017-01-01,6,10.99,1767,16.87,0.6514522497498231,16.17,0.6796536764469103
2017-01-01,6,7.8,7291,16.87,0.4623591945449153,16.17,0.48237476581309374
2017-01-01,19,16.41,3832,16.87,0.9727326131387257,16.17,1.0148422957683165
2017-01-01,21,22.79,530,16.87,1.3509187235485411,16.17,1.4094001170359496
2017-01-01,19,17.0,5364,16.87,1.0077059368286616,16.17,1.0513296177977685
2017-01-01,21,44.99,7872,16.87,2.6668641234071466,16.17,2.7823129120424475
2017-01-01,6,8.0,8125,16.87,0.47421455850760547,16.17,0.49474334955189103
2017-01-01,6,9.0,6279,16.87,0.5334913783210562,16.17,0.5565862682458774
2017-01-01,19,18.22,750,16.87,1.0800236570010715,16.17,1.1267779786044319
2017-01-01,6,11.99,2443,16.87,0.7107290695632738,16.17,0.7414965951408967
2017-01-01,6,14.99,7872,16.87,0.8885595290036258,16.17,0.9270253512228558
2017-01-01,2,18.56,3053,16.87,1.1001777757376447,16.17,1.147804570960387
2017-01-01,6,8.0,3053,16.87,0.47421455850760547,16.17,0.49474334955189103
2017-01-01,19,16.99,3053,16.87,1.007113168630527,16.17,1.0507111886108285
2017-01-01,6,10.4,3431,16.87,0.6164789260598872,16.17,0.6431663544174584
2017-01-01,2,20.77,8726,16.87,1.2311795475253706,16.17,1.284477421274097
2017-01-01,6,11.4,3134,16.87,0.6757557458733379,16.17,0.7050092731114448
2017-01-01,19,18.22,8726,16.87,1.0800236570010715,16.17,1.1267779786044319
2017-01-01,19,19.3,530,16.87,1.1440426223995983,16.17,1.193568330793937
2017-01-01,21,21.36,8726,16.87,1.2661528712153065,16.17,1.320964743303549
2017-01-01,6,11.48,598,16.87,0.6804978914584139,16.17,0.7099567066069636
2017-01-01,21,19.18,3832,16.87,1.1369294040219842,16.17,1.1861471805506587
2017-01-01,6,9.45,6202,16.87,0.5601659472371089,16.17,0.5844155816581712
2017-01-01,3,23.65,528,16.87,1.4018967885881086,16.17,1.4625850271127778
2017-01-01,6,10.99,8076,16.87,0.6514522497498231,16.17,0.6796536764469103
2017-01-01,6,8.0,3832,16.87,0.47421455850760547,16.17,0.49474334955189103
2017-01-01,3,22.99,8726,16.87,1.362774087511231,16.17,1.4217687007747468
2017-01-01,6,8.6,1575,16.87,0.5097806503956759,16.17,0.5318491007682828
2017-01-01,3,19.98,3832,16.87,1.1843508598727448,16.17,1.2356215155058479
2017-01-01,6,8.0,6655,16.87,0.47421455850760547,16.17,0.49474334955189103
2017-01-01,2,17.76,3832,16.87,1.0527563198868843,16.17,1.098330236005198
2017-01-01,6,9.25,2891,16.87,0.5483105832744188,16.17,0.572046997919374
2017-01-02,21,19.48,5693,16.99,1.1465568135624502,16.2,1.2024690791721542
2017-01-02,19,16.85,5849,16.99,0.9917598721009901,16.2,1.0401234078054826
2017-01-02,3,23.3,117,16.99,1.3713949566737726,16.2,1.4382715372028334
2017-01-02,2,21.5,8163,16.99,1.265450281909275,16.2,1.327160431324503
2017-01-02,6,9.99,5706,16.99,0.5879929449429608,16.2,0.6166666376247342
2017-01-02,19,17.59,6481,16.99,1.035314905059728,16.2,1.0858024179999073
2017-01-02,21,21.32,117,16.99,1.2548558144328255,16.2,1.31604932073667
2017-01-02,19,18.22,5693,16.99,1.0723955412273019,16.2,1.1246913050573228
2017-01-02,3,21.41,5849,16.99,1.2601530481710503,16.2,1.3216048760305863
2017-01-02,2,20.62,117,16.99,1.2136551075799653,16.2,1.2728394462284303
2017-01-02,3,21.41,5850,16.99,1.2601530481710503,16.2,1.3216048760305863
2017-01-02,2,20.56,5693,16.99,1.2101236184211486,16.2,1.2691357426991525
2017-01-02,19,18.5,8163,16.99,1.088875823968446,16.2,1.1419752548606188
2017-01-02,21,19.78,5849,16.99,1.1642142593565332,16.2,1.2209875968185426
2017-01-02,19,16.85,5850,16.99,0.9917598721009901,16.2,1.0401234078054826
2017-01-02,6,8.99,2126,16.99,0.5291347922960178,16.2,0.5549382454701061
2017-01-02,6,8.0,2802,16.99,0.47086522117554425,16.2,0.4938271372370243
2017-01-02,6,9.9,4042,16.99,0.582695711204736,16.2,0.6111110823308176
2017-01-02,6,8.9,1374,16.99,0.523837558557793,16.2,0.5493826901761896
2017-01-02,3,23.0,5693,16.99,1.3537375108796896,16.2,1.419753019556445
2017-01-02,6,8.0,1706,16.99,0.47086522117554425,16.2,0.4938271372370243
2017-01-02,19,18.25,117,16.99,1.0741612858067102,16.2,1.1265431568219617
2017-01-02,21,19.78,5850,16.99,1.1642142593565332,16.2,1.2209875968185426
2017-01-02,2,19.48,5850,16.99,1.1465568135624502,16.2,1.2024690791721542
2017-01-02,6,8.6,1805,16.99,0.50618011276371,16.2,0.5308641725298011
2017-01-03,19,16.68,189,17.11,0.9748684631786972,16.2,1.0296295811391958
2017-01-03,3,20.69,189,17.11,1.2092343227318494,16.2,1.2771604336792541
2017-01-03,19,18.35,258,17.11,1.0724722001995861,16.2,1.1327159960374247
2017-01-03,21,19.53,189,17.11,1.1414377149808128,16.2,1.2055554987798858
2017-01-03,3,23.59,258,17.11,1.3787258421094406,16.2,1.4561727709276755
2017-01-03,3,20.69,195,17.11,1.2092343227318494,16.2,1.2771604336792541
2017-01-03,21,21.36,258,17.11,1.2483927082432238,16.2,1.318518456422855
2017-01-03,2,21.36,258,17.11,1.2483927082432238,16.2,1.318518456422855
2017-01-03,21,19.53,195,17.11,1.1414377149808128,16.2,1.2055554987798858
2017-01-03,2,18.55,195,17.11,1.084161270501489,16.2,1.1450616744683502
2017-01-03,2,18.55,189,17.11,1.084161270501489,16.2,1.1450616744683502
2017-01-05,2,19.78,3328,16.87,1.1724954959100546,16.28,1.2149876637428858
2017-01-05,2,20.8,6333,16.87,1.2329578521197744,16.28,1.2776412237538939
2017-01-05,21,19.78,3328,16.87,1.1724954959100546,16.28,1.2149876637428858
2017-01-05,3,21.84,3328,16.87,1.294605744725763,16.28,1.3415232849415886
2017-01-05,19,16.99,3328,16.87,1.007113168630527,16.28,1.0436117495951276
2017-01-05,19,17.8,6333,16.87,1.0551273926794222,16.28,1.0933660472509286
2017-01-05,6,9.0,581,16.87,0.5334913783210562,16.28,0.5528255295088964
2017-01-06,19,17.99,3833,16.86,1.067022499925335,16.15,1.1139319148564273
2017-01-06,6,8.0,8315,16.86,0.474495830984029,16.15,0.49535604885221896
2017-01-06,19,16.99,8665,16.86,1.0077105210523314,16.15,1.0520124087498999
2017-01-06,3,21.99,8665,16.86,1.3042704154173494,16.15,1.361609939282537
2017-01-06,6,9.2,5639,16.86,0.5456702056316333,16.15,0.5696594561800518
2017-01-06,2,19.99,8665,16.86,1.1856464576713424,16.15,1.237770927069482
2017-01-06,3,22.99,3833,16.86,1.363582394290353,16.15,1.4235294453890641
2017-01-06,6,8.0,2674,16.86,0.474495830984029,16.15,0.49535604885221896
2017-01-06,21,20.99,3833,16.86,1.2449584365443458,16.15,1.2996904331760095
2017-01-06,2,19.99,3833,16.86,1.1856464576713424,16.15,1.237770927069482
2017-01-07,3,25.67,6814,16.86,1.522538497670003,16.15,1.5894737217545578
2017-01-07,19,18.98,6814,16.86,1.1257413590096088,16.15,1.1752322259018895
2017-01-07,2,22.95,6814,16.86,1.361209915135433,16.15,1.4210526651448032
2017-01-07,21,22.9,6814,16.86,1.3582443161917828,16.15,1.4179566898394766
2017-01-07,6,11.99,645,16.86,0.7111506266873134,16.15,0.7424148782172632
2017-01-07,2,20.2,4431,16.86,1.1981019732346732,16.15,1.250774023351853
2017-01-07,21,17.98,645,16.86,1.0664293801366052,16.15,1.1133127197953623
2017-01-07,3,16.47,645,16.86,0.9768682920383696,16.15,1.0198142655745057
2017-01-07,2,14.67,645,16.86,0.870106730066963,16.15,0.9083591545827565
2017-01-07,3,22.7,4431,16.86,1.346381920417182,16.15,1.4055727886181713
2017-01-07,21,21.15,4431,16.86,1.2544483531640265,16.15,1.3095975541530538
2017-01-07,19,16.18,645,16.86,0.9596678181651985,16.15,1.0018576088036129
2017-01-07,19,18.25,4431,16.86,1.082443614432316,16.15,1.1300309864441245
2017-01-08,2,18.99,1247,16.86,1.1263344787983387,16.15,1.1758514209629547
2017-01-08,21,19.81,8681,16.86,1.1749703014742017,16.15,1.2266254159703072
2017-01-08,19,17.32,8681,16.86,1.0272834740804226,16.15,1.072445845765054
2017-01-08,21,19.99,1247,16.86,1.1856464576713424,16.15,1.237770927069482
2017-01-08,19,18.13,1946,16.86,1.0753261769675555,16.15,1.122600645711341
2017-01-08,2,20.8,1950,16.86,1.2336891605584752,16.15,1.2879257270157694
2017-01-08,19,18.25,1953,16.86,1.082443614432316,16.15,1.1300309864441245
2017-01-08,2,18.65,8681,16.86,1.1061684059815173,16.15,1.1547987888867355
2017-01-08,19,17.18,1247,16.86,1.0189797970382022,16.15,1.0637771149101403
2017-01-08,3,21.57,1247,16.86,1.279359384290688,16.15,1.3356037467177955
2017-01-08,19,18.43,1950,16.86,1.0931197706294566,16.15,1.1411764975432994
2017-01-08,3,20.98,8681,16.86,1.244365316755616,16.15,1.2990712381149443
2017-01-08,2,20.8,1946,16.86,1.2336891605584752,16.15,1.2879257270157694
2017-01-08,3,23.3,1946,16.86,1.3819691077409844,16.15,1.4427244922820879
2017-01-08,21,21.32,1946,16.86,1.2645313895724373,16.15,1.3201238701911635
2017-01-09,21,21.36,4906,16.88,1.2654029065147145,16.13,1.324240614466643
2017-01-09,3,22.99,4906,16.88,1.3619668923583,16.13,1.4252945564882078
2017-01-09,2,20.83,4906,16.88,1.2340048006882727,16.13,1.291382584238772
2017-01-09,21,21.25,3465,16.88,1.2588863185130001,16.13,1.3174210232872736
2017-01-09,3,22.92,3465,16.88,1.3578199727208455,16.13,1.4209548166467911
2017-01-09,21,18.79,4010,16.88,1.1131517141110245,16.13,1.1649101660031937
2017-01-09,19,17.37,7606,16.88,1.029028487179803,16.13,1.0768754435058796
2017-01-09,19,17.99,3465,16.88,1.0657583468258292,16.13,1.1153131392441435
2017-01-09,3,17.85,6845,16.88,1.0574645075509201,16.13,1.10663365956131
2017-01-09,2,20.96,7785,16.88,1.241706222872117,16.13,1.2994421010871178
2017-01-09,2,19.06,7606,16.88,1.129146975569778,16.13,1.1816491625343732
2017-01-09,2,20.62,3465,16.88,1.221564041775909,16.13,1.2783633647145216
2017-01-09,2,20.79,6926,16.88,1.231635132324013,16.13,1.2889027329008196
2017-01-09,3,21.0,7606,16.88,1.2440758912363767,16.13,1.3019219524250703
2017-01-09,6,10.39,3465,16.88,0.615521357616474,16.13,0.6441413850331658
2017-01-09,2,20.39,3431,16.88,1.2079384486814153,16.13,1.2641042195212946
2017-01-09,3,22.24,3431,16.88,1.3175356105284293,16.13,1.3787973439015981
2017-01-09,3,22.85,7785,16.88,1.353673053083391,16.13,1.4166150768053742
2017-01-09,21,19.18,7606,16.88,1.1362559806625574,16.13,1.189088716548231
2017-01-09,21,21.39,6926,16.88,1.2671801577879094,16.13,1.3261005029701074
2017-01-09,19,16.33,4010,16.88,0.967417109709049,16.13,1.012399308719114
2017-01-09,21,22.65,7785,16.88,1.3418247112620918,16.13,1.4042158201156114
2017-01-09,3,23.09,6926,16.88,1.3678910632689494,16.13,1.4314941848330893
2017-01-09,19,17.91,3431,16.88,1.0610190100973098,16.13,1.1103534365682386
2017-01-09,21,19.99,3431,16.88,1.1842417650388175,16.13,1.2393057061417692
2017-01-09,3,17.04,4010,16.88,1.0094787231746598,16.13,1.0564166699677713
2017-01-09,19,18.75,7785,16.88,1.110782045746765,16.13,1.1624303146652413
2017-01-09,2,14.88,4010,16.88,0.8815166315046327,16.13,0.9225046977183357
2017-01-10,3,22.95,6356,16.85,1.362017773319374,16.15,1.4210526651448032
2017-01-10,21,21.32,7324,16.85,1.2652818704648825,16.15,1.3201238701911635
2017-01-10,21,20.57,4706,16.85,1.2207714857158833,16.15,1.273684240611268
2017-01-10,3,22.24,2544,16.85,1.319881275756988,16.15,1.3770898158091687
2017-01-10,19,17.96,4706,16.85,1.0658753467893665,16.15,1.1120743296732316
2017-01-10,21,19.82,2502,16.85,1.1762611009668842,16.15,1.2272446110313726
2017-01-10,2,20.39,2544,16.85,1.2100889933761236,16.15,1.2625387295120931
2017-01-10,2,20.54,8364,16.85,1.2189910703259235,16.15,1.2718266554280722
2017-01-10,2,20.97,8682,16.85,1.2445103575820162,16.15,1.2984520430538788
2017-01-10,19,17.69,6906,16.85,1.0498516082797267,16.15,1.0953560630244692
2017-01-10,2,20.62,7324,16.85,1.22373884469915,16.15,1.2767802159165944
2017-01-10,2,20.5,8223,16.85,1.2166171831393102,16.15,1.269349875183811
2017-01-10,21,20.9,8223,16.85,1.2403560550054429,16.15,1.294117677626422
2017-01-10,19,17.9,8223,16.85,1.0623145160094463,16.15,1.1083591593068398
2017-01-10,3,22.95,711,16.85,1.362017773319374,16.15,1.4210526651448032
2017-01-10,3,23.3,7324,16.85,1.3827892862022404,16.15,1.4427244922820879
2017-01-10,2,20.97,6356,16.85,1.2445103575820162,16.15,1.2984520430538788
2017-01-10,2,20.97,4706,16.85,1.2445103575820162,16.15,1.2984520430538788
2017-01-10,3,22.95,4706,16.85,1.362017773319374,16.15,1.4210526651448032
2017-01-10,3,22.56,2504,16.85,1.3388723732498944,16.15,1.3969040577632574
2017-01-10,21,20.57,711,16.85,1.2207714857158833,16.15,1.273684240611268
2017-01-10,19,17.99,7105,16.85,1.0676557621793261,16.15,1.1139319148564273
2017-01-10,3,22.56,2502,16.85,1.3388723732498944,16.15,1.3969040577632574
2017-01-10,2,20.62,2504,16.85,1.22373884469915,16.15,1.2767802159165944
2017-01-10,19,18.23,8364,16.85,1.081899085299006,16.15,1.128792596321994
2017-01-10,2,20.62,2502,16.85,1.22373884469915,16.15,1.2767802159165944
2017-01-10,21,19.99,2544,16.85,1.1863501215099905,16.15,1.237770927069482
2017-01-10,19,18.25,7324,16.85,1.0830860288923128,16.15,1.1300309864441245
2017-01-10,21,21.22,8364,16.85,1.2593471524983493,16.15,1.3139319195805108
2017-01-10,3,23.12,8364,16.85,1.3721067938624805,16.15,1.431578981182913
2017-01-10,21,19.82,2504,16.85,1.1762611009668842,16.15,1.2272446110313726
2017-01-10,19,17.91,2544,16.85,1.0629079878060999,16.15,1.1089783543679053
2017-01-10,19,17.96,6356,16.85,1.0658753467893665,16.15,1.1120743296732316
2017-01-10,19,17.8,2504,16.85,1.0563797980429133,16.15,1.1021672086961873
2017-01-10,19,17.96,711,16.85,1.0658753467893665,16.15,1.1120743296732316
2017-01-10,3,22.89,6906,16.85,1.3584569425394541,16.15,1.4173374947784116
2017-01-10,19,18.2,4043,16.85,1.080118669909046,16.15,1.1269350111387981
2017-01-10,2,21.25,7105,16.85,1.2611275678883094,16.15,1.3157895047637067
2017-01-10,2,21.38,2501,16.85,1.2688427012448025,16.15,1.323839040557555
2017-01-10,3,23.0,522,16.85,1.3649851323026407,16.15,1.4241486404501296
2017-01-10,21,20.57,8682,16.85,1.2207714857158833,16.15,1.273684240611268
2017-01-10,3,23.03,8164,16.85,1.3667655476926006,16.15,1.4260062256333255
2017-01-10,19,17.8,2502,16.85,1.0563797980429133,16.15,1.1021672086961873
2017-01-10,21,21.36,8164,16.85,1.2676557576514957,16.15,1.3226006504354246
2017-01-10,2,20.49,6906,16.85,1.2160237113426566,16.15,1.2687306801227458
2017-01-10,2,20.61,4043,16.85,1.2231453729024966,16.15,1.2761610208555292
2017-01-10,2,21.1,522,16.85,1.2522254909385095,16.15,1.3065015788477277
2017-01-10,2,20.62,2503,16.85,1.22373884469915,16.15,1.2767802159165944
2017-01-10,19,18.29,6926,16.85,1.085459916078926,16.15,1.1325077666883856
2017-01-10,19,17.9,8449,16.85,1.0623145160094463,16.15,1.1083591593068398
2017-01-10,2,21.9,7793,16.85,1.299703234670775,16.15,1.3560371837329495
2017-01-10,19,17.0,4051,16.85,1.0089020543106475,16.15,1.0526316038109653
2017-01-10,21,21.39,8449,16.85,1.2694361730414558,16.15,1.3244582356186205
2017-01-10,2,21.0,4051,16.85,1.2462907729719763,16.15,1.3003096282370747
2017-01-10,3,24.45,7793,16.85,1.4510385428173722,16.15,1.5139319243045941
2017-01-10,3,22.56,2503,16.85,1.3388723732498944,16.15,1.3969040577632574
2017-01-10,19,18.2,8164,16.85,1.080118669909046,16.15,1.1269350111387981
2017-01-10,21,24.15,7793,16.85,1.4332343889177726,16.15,1.495356072472636
2017-01-10,2,20.7,8449,16.85,1.2284866190723764,16.15,1.2817337764051167
2017-01-10,21,19.82,2503,16.85,1.1762611009668842,16.15,1.2272446110313726
2017-01-10,19,17.8,2503,16.85,1.0563797980429133,16.15,1.1021672086961873
2017-01-10,19,19.99,7793,16.85,1.1863501215099905,16.15,1.237770927069482
2017-01-10,2,20.83,8164,16.85,1.2362017524288698,16.15,1.289783312198965
2017-01-10,6,9.99,522,16.85,0.5928783248566687,16.15,0.6185758660042084
2017-01-10,2,20.88,6889,16.85,1.2391691114121364,16.15,1.2928792875042914
2017-01-10,19,17.99,2770,16.85,1.0676557621793261,16.15,1.1139319148564273
2017-01-10,3,22.95,8682,16.85,1.362017773319374,16.15,1.4210526651448032
2017-01-10,3,23.43,2501,16.85,1.3905044195587335,16.15,1.4507740280759363
2017-01-10,21,20.47,2501,16.85,1.2148367677493501,16.15,1.2674922900006151
2017-01-10,19,18.56,2501,16.85,1.1014836545885656,16.15,1.149226033337148
2017-01-10,2,20.97,711,16.85,1.2445103575820162,16.15,1.2984520430538788
2017-01-10,21,18.2,4043,16.85,1.080118669909046,16.15,1.1269350111387981
2017-01-10,19,18.21,4906,16.85,1.0807121417056995,16.15,1.1275542061998636
2017-01-10,21,21.9,522,16.85,1.299703234670775,16.15,1.3560371837329495
2017-01-10,21,20.99,6906,16.85,1.2456973011753227,16.15,1.2996904331760095
2017-01-10,3,22.88,4043,16.85,1.3578634707428008,16.15,1.4167182997173462
2017-01-10,19,17.96,8682,16.85,1.0658753467893665,16.15,1.1120743296732316
2017-01-10,6,10.0,1001,16.85,0.5934717966533221,16.15,0.6191950610652738
2017-01-11,3,22.67,6923,16.81,1.3486020654509938,16.16,1.4028465478995915
2017-01-11,19,18.09,713,16.81,1.0761451858848028,16.16,1.1194307036393298
2017-01-11,2,19.18,6892,16.81,1.1409875436854902,16.16,1.186881199325724
2017-01-11,19,15.12,3956,16.81,0.8994646329783426,16.16,0.9356435731910816
2017-01-11,2,13.77,3959,16.81,0.8191552907481334,16.16,0.8521039684418779
2017-01-11,2,13.77,3624,16.81,0.8191552907481334,16.16,0.8521039684418779
2017-01-11,21,20.73,2708,16.81,1.2331945662461006,16.16,1.2827970418155505
2017-01-11,6,7.78,5657,16.81,0.4628197648526128,16.16,0.4814356481102259
2017-01-11,2,21.65,785,16.81,1.2879238957659467,16.16,1.339727735422415
2017-01-11,3,15.77,3959,16.81,0.9381320940521469,16.16,0.9758663458481056
2017-01-11,19,16.78,6556,16.81,0.9982153797206739,16.16,1.0383663464382507
2017-01-11,2,18.45,6556,16.81,1.097561010479525,16.16,1.1417079315724508
2017-01-11,3,20.85,6556,16.81,1.2403331744443415,16.16,1.290222784459924
2017-01-11,2,13.77,3623,16.81,0.8191552907481334,16.16,0.8521039684418779
2017-01-11,2,20.73,6923,16.81,1.2331945662461006,16.16,1.2827970418155505
2017-01-11,21,17.4,3623,16.81,1.035098188744918,16.16,1.076732683434181
2017-01-11,21,19.81,7208,16.81,1.1784652367262543,16.16,1.2258663482086856
2017-01-11,21,19.28,6556,16.81,1.146936383850691,16.16,1.1930693181960355
2017-01-11,19,15.12,3623,16.81,0.8994646329783426,16.16,0.9356435731910816
2017-01-11,19,18.25,2708,16.81,1.0856633301491239,16.16,1.129331693831828
2017-01-11,19,15.12,3959,16.81,0.8994646329783426,16.16,0.9356435731910816
2017-01-11,21,21.21,713,16.81,1.261748999039064,16.16,1.312500012393045
2017-01-11,19,17.32,7208,16.81,1.0303391166127576,16.16,1.0717821883379322
2017-01-11,3,15.77,3623,16.81,0.9381320940521469,16.16,0.9758663458481056
2017-01-11,2,18.65,6655,16.81,1.1094586908099264,16.16,1.1540841693130734
2017-01-11,19,15.54,8735,16.81,0.9244497616721854,16.16,0.9616336724463894
2017-01-11,3,15.77,3624,16.81,0.9381320940521469,16.16,0.9758663458481056
2017-01-11,3,17.22,1355,16.81,1.0243902764475568,16.16,1.0655940694676207
2017-01-11,19,18.9,3746,16.81,1.1243307912229281,16.16,1.169554466488852
2017-01-11,2,14.87,1355,16.81,0.8845925325653409,16.16,0.9201732760153031
2017-01-11,19,15.54,912,16.81,0.9244497616721854,16.16,0.9616336724463894
2017-01-11,21,19.81,1602,16.81,1.1784652367262543,16.16,1.2258663482086856
2017-01-11,2,20.9,3746,16.81,1.2433075945269416,16.16,1.2933168438950797
2017-01-11,21,17.19,912,16.81,1.0226056243979966,16.16,1.0637376338065274
2017-01-11,19,15.54,1353,16.81,0.9244497616721854,16.16,0.9616336724463894
2017-01-11,3,17.27,912,16.81,1.027364696530157,16.16,1.0686881289027763
2017-01-11,19,15.54,669,16.81,0.9244497616721854,16.16,0.9616336724463894
2017-01-11,19,18.5,3597,16.81,1.1005354305621255,16.16,1.1448019910076066
2017-01-11,21,16.7,1353,16.81,0.9934563075885132,16.16,1.0334158513420015
2017-01-11,21,17.19,669,16.81,1.0226056243979966,16.16,1.0637376338065274
2017-01-11,2,18.65,7377,16.81,1.1094586908099264,16.16,1.1540841693130734
2017-01-11,2,20.9,3597,16.81,1.2433075945269416,16.16,1.2933168438950797
2017-01-11,3,20.98,1602,16.81,1.2480666666591023,16.16,1.2982673389913288
2017-01-11,3,17.22,1353,16.81,1.0243902764475568,16.16,1.0655940694676207
2017-01-11,19,18.5,3442,16.81,1.1005354305621255,16.16,1.1448019910076066
2017-01-11,19,18.9,3442,16.81,1.1243307912229281,16.16,1.169554466488852
2017-01-11,21,19.39,6845,16.81,1.1534801080324115,16.16,1.1998762489533779
2017-01-11,2,14.88,912,16.81,0.885187416581861,16.16,0.9207920879023344
2017-01-11,3,20.98,7377,16.81,1.2480666666591023,16.16,1.2982673389913288
2017-01-11,2,14.87,1353,16.81,0.8845925325653409,16.16,0.9201732760153031
2017-01-11,19,18.19,2851,16.81,1.0820940260500034,16.16,1.1256188225096413
2017-01-11,2,18.65,1602,16.81,1.1094586908099264,16.16,1.1540841693130734
2017-01-11,19,15.54,1357,16.81,0.9244497616721854,16.16,0.9616336724463894
2017-01-11,21,20.9,3597,16.81,1.2433075945269416,16.16,1.2933168438950797
2017-01-11,21,20.9,3442,16.81,1.2433075945269416,16.16,1.2933168438950797
2017-01-11,2,14.88,8735,16.81,0.885187416581861,16.16,0.9207920879023344
2017-01-11,21,21.85,785,16.81,1.2998215760963483,16.16,1.352103973163038
2017-01-11,3,23.85,787,16.81,1.4187983794003618,16.16,1.4758663505692657
2017-01-11,21,21.36,1383,16.81,1.270672259286865,16.16,1.321782190698512
2017-01-11,2,21.65,787,16.81,1.2879238957659467,16.16,1.339727735422415
2017-01-11,21,21.85,787,16.81,1.2998215760963483,16.16,1.352103973163038
2017-01-11,21,20.36,8174,16.81,1.2111838576348581,16.16,1.2599010019953982
2017-01-11,19,18.99,7772,16.81,1.1296847473716087,16.16,1.1751237734721323
2017-01-11,2,14.88,669,16.81,0.885187416581861,16.16,0.9207920879023344
2017-01-11,2,18.85,3501,16.81,1.121356371140328,16.16,1.1664604070536964
2017-01-11,21,19.82,6892,16.81,1.1790601207427744,16.16,1.2264851600957167
2017-01-11,3,21.57,3501,16.81,1.2831648236337863,16.16,1.3347772403261662
2017-01-11,21,21.85,7772,16.81,1.2998215760963483,16.16,1.352103973163038
2017-01-11,21,17.4,3956,16.81,1.035098188744918,16.16,1.076732683434181
2017-01-11,2,20.46,8174,16.81,1.217132697800059,16.16,1.2660891208657097
2017-01-11,19,19.39,787,16.81,1.1534801080324115,16.16,1.1998762489533779
2017-01-11,21,17.19,8735,16.81,1.0226056243979966,16.16,1.0637376338065274
2017-01-11,21,19.99,3501,16.81,1.1891731490236155,16.16,1.2370049621752461
2017-01-11,3,23.6,1383,16.81,1.40392627898736,16.16,1.4603960533934872
2017-01-11,19,17.65,3501,16.81,1.0499702891579197,16.16,1.0922029806099596
2017-01-11,3,22.45,8174,16.81,1.3355146170875523,16.16,1.3892326863849063
2017-01-11,3,17.27,8735,16.81,1.027364696530157,16.16,1.0686881289027763
2017-01-11,3,23.85,7772,16.81,1.4187983794003618,16.16,1.4758663505692657
2017-01-11,19,17.32,1602,16.81,1.0303391166127576,16.16,1.0717821883379322
2017-01-11,2,21.65,7772,16.81,1.2879238957659467,16.16,1.339727735422415
2017-01-11,19,15.54,1355,16.81,0.9244497616721854,16.16,0.9616336724463894
2017-01-11,21,16.7,1355,16.81,0.9934563075885132,16.16,1.0334158513420015
2017-01-11,19,18.35,1383,16.81,1.0916121703143247,16.16,1.1355198127021395
2017-01-11,3,17.27,669,16.81,1.027364696530157,16.16,1.0686881289027763
2017-01-11,3,23.03,2708,16.81,1.3700178900457163,16.16,1.4251237758327124
2017-01-11,3,22.9,3442,16.81,1.3622843978309553,16.16,1.4170792213013075
2017-01-11,2,20.9,3442,16.81,1.2433075945269416,16.16,1.2933168438950797
2017-01-11,2,21.89,4022,16.81,1.3022011121624286,16.16,1.3545792207111624
2017-01-11,3,23.69,4022,16.81,1.4092802351360407,16.16,1.4659653603767675
2017-01-11,21,21.99,4022,16.81,1.308149952327629,16.16,1.360767339581474
2017-01-11,3,22.95,6599,16.81,1.3652588179135556,16.16,1.420173280736463
2017-01-11,19,18.99,4022,16.81,1.1296847473716087,16.16,1.1751237734721323
2017-01-11,2,20.97,6599,16.81,1.2474717826425823,16.16,1.2976485271042977
2017-01-11,19,17.32,6655,16.81,1.0303391166127576,16.16,1.0717821883379322
2017-01-11,19,18.25,479,16.81,1.0856633301491239,16.16,1.129331693831828
2017-01-11,2,20.49,713,16.81,1.2189173498496189,16.16,1.267945556526803
2017-01-11,2,20.53,4095,16.81,1.2212968859156994,16.16,1.2704208040749276
2017-01-11,21,21.32,479,16.81,1.2682927232207846,16.16,1.3193069431503877
2017-01-11,2,18.65,7208,16.81,1.1094586908099264,16.16,1.1540841693130734
2017-01-11,19,17.75,7377,16.81,1.0559191293231205,16.16,1.098391099480271
2017-01-11,3,23.3,479,16.81,1.3860797584917581,16.16,1.441831696782553
2017-01-11,2,20.62,479,16.81,1.22665084206438,16.16,1.275990111058208
2017-01-11,21,17.4,3624,16.81,1.035098188744918,16.16,1.076732683434181
2017-01-11,3,20.98,6655,16.81,1.2480666666591023,16.16,1.2982673389913288
2017-01-11,2,20.9,4214,16.81,1.2433075945269416,16.16,1.2933168438950797
2017-01-11,3,20.98,7208,16.81,1.2480666666591023,16.16,1.2982673389913288
2017-01-11,3,22.99,4214,16.81,1.367638353979636,16.16,1.4226485282845875
2017-01-11,19,17.8,6923,16.81,1.0588935494057208,16.16,1.1014851589154269
2017-01-11,19,17.36,6892,16.81,1.0327186526788377,16.16,1.0742574358860566
2017-01-11,21,21.3,4214,16.81,1.2671029551877446,16.16,1.3180693193763253
2017-01-11,19,18.07,4214,16.81,1.0749554178517626,16.16,1.1181930798652675
2017-01-11,21,21.05,6923,16.81,1.252230854774743,16.16,1.3025990222005468
2017-01-11,2,20.62,2708,16.81,1.22665084206438,16.16,1.275990111058208
2017-01-11,3,22.85,713,16.81,1.359309977748355,16.16,1.4139851618661519
2017-01-11,21,16.7,1357,16.81,0.9934563075885132,16.16,1.0334158513420015
2017-01-11,21,20.57,6599,16.81,1.2236764219817795,16.16,1.2728960516230523
2017-01-11,3,22.63,4095,16.81,1.3462225293849135,16.16,1.4003713003514666
2017-01-11,3,17.22,1357,16.81,1.0243902764475568,16.16,1.0655940694676207
2017-01-11,19,17.7,4095,16.81,1.05294470924052,16.16,1.0952970400451154
2017-01-11,19,18.5,3472,16.81,1.1005354305621255,16.16,1.1448019910076066
2017-01-11,21,21.29,2851,16.81,1.2665080711712244,16.16,1.3174505074892942
2017-01-11,19,18.9,3472,16.81,1.1243307912229281,16.16,1.169554466488852
2017-01-11,2,14.87,1357,16.81,0.8845925325653409,16.16,0.9201732760153031
2017-01-11,21,20.9,3472,16.81,1.2433075945269416,16.16,1.2933168438950797
2017-01-11,19,17.91,2277,16.81,1.0654372735874416,16.16,1.1082920896727693
2017-01-11,3,22.9,3472,16.81,1.3622843978309553,16.16,1.4170792213013075
2017-01-11,19,17.32,1605,16.81,1.0303391166127576,16.16,1.0717821883379322
2017-01-11,21,19.81,1605,16.81,1.1784652367262543,16.16,1.2258663482086856
2017-01-11,3,20.98,1605,16.81,1.2480666666591023,16.16,1.2982673389913288
2017-01-11,3,23.85,785,16.81,1.4187983794003618,16.16,1.4758663505692657
2017-01-11,2,18.65,1605,16.81,1.1094586908099264,16.16,1.1540841693130734
2017-01-11,2,14.88,3647,16.81,0.885187416581861,16.16,0.9207920879023344
2017-01-11,21,19.8,7377,16.81,1.1778703527097343,16.16,1.2252475363216546
2017-01-11,21,20.22,2277,16.81,1.202855481403577,16.16,1.2512376355769623
2017-01-11,3,17.27,3647,16.81,1.027364696530157,16.16,1.0686881289027763
2017-01-11,21,19.81,6655,16.81,1.1784652367262543,16.16,1.2258663482086856
2017-01-11,21,17.19,3647,16.81,1.0226056243979966,16.16,1.0637376338065274
2017-01-11,19,15.54,3647,16.81,0.9244497616721854,16.16,0.9616336724463894
2017-01-11,21,21.03,4095,16.81,1.2510410867417028,16.16,1.3013613984264847
2017-01-11,6,9.39,7870,16.81,0.5585960915123437,16.16,0.5810643619222392
2017-01-11,19,18.25,8174,16.81,1.0856633301491239,16.16,1.129331693831828
2017-01-11,3,21.79,6892,16.81,1.2962522719972278,16.16,1.348391101840851
2017-01-11,19,17.96,6599,16.81,1.0684116936700419,16.16,1.111386149107925
2017-01-11,2,20.9,3472,16.81,1.2433075945269416,16.16,1.2933168438950797
2017-01-11,19,19.39,785,16.81,1.1534801080324115,16.16,1.1998762489533779
2017-01-11,21,17.4,3959,16.81,1.035098188744918,16.16,1.076732683434181
2017-01-11,3,20.85,2893,16.81,1.2403331744443415,16.16,1.290222784459924
2017-01-11,19,18.35,5337,16.81,1.0916121703143247,16.16,1.1355198127021395
2017-01-11,21,21.35,6927,16.81,1.270077375270345,16.16,1.3211633788114812
2017-01-11,2,21.37,5336,16.81,1.271267143303385,16.16,1.3224010025855433
2017-01-11,3,23.59,5336,16.81,1.40333139497084,16.16,1.459777241506456
2017-01-11,21,21.36,5336,16.81,1.270672259286865,16.16,1.321782190698512
2017-01-11,19,18.35,5336,16.81,1.0916121703143247,16.16,1.1355198127021395
2017-01-11,21,21.36,5337,16.81,1.270672259286865,16.16,1.321782190698512
2017-01-11,21,20.22,7838,16.81,1.202855481403577,16.16,1.2512376355769623
2017-01-11,2,19.59,5745,16.81,1.165377788362813,16.16,1.2122524866940005
2017-01-11,19,17.67,7838,16.81,1.05116005719096,16.16,1.0934406043840221
2017-01-11,3,22.89,731,16.81,1.3616895138144354,16.16,1.4164604094142763
2017-01-11,3,17.27,2117,16.81,1.027364696530157,16.16,1.0686881289027763
2017-01-11,21,17.19,2117,16.81,1.0226056243979966,16.16,1.0637376338065274
2017-01-11,3,22.99,6927,16.81,1.367638353979636,16.16,1.4226485282845875
2017-01-11,2,18.45,2893,16.81,1.097561010479525,16.16,1.1417079315724508
2017-01-11,2,20.49,731,16.81,1.2189173498496189,16.16,1.267945556526803
2017-01-11,3,23.59,5337,16.81,1.40333139497084,16.16,1.459777241506456
2017-01-11,21,21.06,731,16.81,1.2528257387912627,16.16,1.303217834087578
2017-01-11,2,21.15,5278,16.81,1.2581796949399433,16.16,1.3087871410708583
2017-01-11,3,20.98,1805,16.81,1.2480666666591023,16.16,1.2982673389913288
2017-01-11,19,17.7,7718,16.81,1.05294470924052,16.16,1.0952970400451154
2017-01-11,19,17.91,3417,16.81,1.0654372735874416,16.16,1.1082920896727693
2017-01-11,3,23.15,5278,16.81,1.377156498243957,16.16,1.4325495184770858
2017-01-11,2,20.62,3017,16.81,1.22665084206438,16.16,1.275990111058208
2017-01-11,2,21.37,5337,16.81,1.271267143303385,16.16,1.3224010025855433
2017-01-11,21,21.18,3951,16.81,1.2599643469895037,16.16,1.3106435767319515
2017-01-11,21,21.05,5278,16.81,1.252230854774743,16.16,1.3025990222005468
2017-01-11,19,18.13,5278,16.81,1.078524721950883,16.16,1.1219059511874543
2017-01-11,19,18.09,6927,16.81,1.0761451858848028,16.16,1.1194307036393298
2017-01-11,19,18.02,731,16.81,1.0719809977691621,16.16,1.1150990204301119
2017-01-11,2,18.65,1805,16.81,1.1094586908099264,16.16,1.1540841693130734
2017-01-11,3,21.62,7838,16.81,1.2861392437163868,16.16,1.3378712997613218
2017-01-11,2,14.87,2117,16.81,0.8845925325653409,16.16,0.9201732760153031
2017-01-11,2,20.49,6536,16.81,1.2189173498496189,16.16,1.267945556526803
2017-01-11,2,20.49,6927,16.81,1.2189173498496189,16.16,1.267945556526803
2017-01-11,2,20.55,8291,16.81,1.2224866539487393,16.16,1.27165842784899
2017-01-11,21,20.88,6990,16.81,1.2421178264939017,16.16,1.2920792201210174
2017-01-11,21,22.35,7776,16.81,1.3295657769223517,16.16,1.383044567514595
2017-01-11,2,21.36,5443,16.81,1.270672259286865,16.16,1.321782190698512
2017-01-11,21,21.09,161,16.81,1.254610390840823,16.16,1.3050742697486715
2017-01-11,3,23.4,5443,16.81,1.3920285986569587,16.16,1.4480198156528643
2017-01-11,19,18.35,3382,16.81,1.0916121703143247,16.16,1.1355198127021395
2017-01-11,19,19.23,7776,16.81,1.1439619637680905,16.16,1.1899752587608796
2017-01-11,21,21.36,3382,16.81,1.270672259286865,16.16,1.321782190698512
2017-01-11,19,18.07,161,16.81,1.0749554178517626,16.16,1.1181930798652675
2017-01-11,19,18.74,5443,16.81,1.114812646958607,16.16,1.1596534762963537
2017-01-11,19,17.69,8291,16.81,1.052349825224,16.16,1.0946782281580842
2017-01-11,3,23.6,3382,16.81,1.40392627898736,16.16,1.4603960533934872
2017-01-11,3,24.39,7776,16.81,1.4509221162924455,16.16,1.5092821924689472
2017-01-11,3,22.46,4324,16.81,1.3361095011040725,16.16,1.3898514982719374
2017-01-11,21,21.6,5443,16.81,1.2849494756833466,16.16,1.3366336759872595
2017-01-11,21,19.99,3417,16.81,1.1891731490236155,16.16,1.2370049621752461
2017-01-11,6,13.3,161,16.81,0.7911957419716903,16.16,0.8230198097514144
2017-01-11,3,22.99,161,16.81,1.367638353979636,16.16,1.4226485282845875
2017-01-11,19,17.87,6990,16.81,1.0630577375213612,16.16,1.1058168421246448
2017-01-11,2,20.88,161,16.81,1.2421178264939017,16.16,1.2920792201210174
2017-01-11,2,19.54,1833,16.81,1.1624033682802124,16.16,1.209158427258845
2017-01-11,3,22.4,1833,16.81,1.332540197004952,16.16,1.3861386269497504
2017-01-11,3,22.92,8291,16.81,1.3634741658639955,16.16,1.4183168450753698
2017-01-11,6,10.59,1833,16.81,0.6299821734947518,16.16,0.6553217883659758
2017-01-11,2,20.34,4324,16.81,1.209994089601818,16.16,1.258663378221336
2017-01-11,21,20.71,1833,16.81,1.2320047982130606,16.16,1.2815594180414882
2017-01-11,21,19.18,7729,16.81,1.1409875436854902,16.16,1.186881199325724
2017-01-11,3,20.99,7729,16.81,1.2486615506756222,16.16,1.29888615087836
2017-01-11,2,19.06,7729,16.81,1.1338489354872492,16.16,1.1794554566813502
2017-01-11,19,17.22,1833,16.81,1.0243902764475568,16.16,1.0655940694676207
2017-01-11,21,21.27,8291,16.81,1.2653183031381843,16.16,1.3162128837152318
2017-01-11,2,14.87,1694,16.81,0.8845925325653409,16.16,0.9201732760153031
2017-01-11,19,17.38,7729,16.81,1.0339084207118778,16.16,1.075495059660119
2017-01-11,2,21.37,3382,16.81,1.271267143303385,16.16,1.3224010025855433
2017-01-11,2,15.66,3403,16.81,0.9315883698704263,16.16,0.9690594150907631
2017-01-11,21,21.03,7718,16.81,1.2510410867417028,16.16,1.3013613984264847
2017-01-11,21,19.81,1805,16.81,1.1784652367262543,16.16,1.2258663482086856
2017-01-11,19,18.25,8031,16.81,1.0856633301491239,16.16,1.129331693831828
2017-01-11,21,21.32,8031,16.81,1.2682927232207846,16.16,1.3193069431503877
2017-01-11,3,22.99,8031,16.81,1.367638353979636,16.16,1.4226485282845875
2017-01-11,2,20.6,8031,16.81,1.2254610740313399,16.16,1.2747524872841458
2017-01-11,3,22.24,3412,16.81,1.3230220527406307,16.16,1.3762376367572522
2017-01-11,2,20.34,6513,16.81,1.209994089601818,16.16,1.258663378221336
2017-01-11,19,18.13,7727,16.81,1.078524721950883,16.16,1.1219059511874543
2017-01-11,21,22.15,1196,16.81,1.3176680965919503,16.16,1.370668329773972
2017-01-11,19,19.0,1196,16.81,1.130279631388129,16.16,1.1757425853591634
2017-01-11,19,18.07,3505,16.81,1.0749554178517626,16.16,1.1181930798652675
2017-01-11,21,21.09,3505,16.81,1.254610390840823,16.16,1.3050742697486715
2017-01-11,19,17.77,1700,16.81,1.0571088973561604,16.16,1.0996287232543334
2017-01-11,2,20.88,3035,16.81,1.2421178264939017,16.16,1.2920792201210174
2017-01-11,3,22.99,3035,16.81,1.367638353979636,16.16,1.4226485282845875
2017-01-11,21,20.99,1700,16.81,1.2486615506756222,16.16,1.29888615087836
2017-01-11,3,22.46,6513,16.81,1.3361095011040725,16.16,1.3898514982719374
2017-01-11,3,24.0,1196,16.81,1.427721639648163,16.16,1.4851485288747328
2017-01-11,21,21.32,6576,16.81,1.2682927232207846,16.16,1.3193069431503877
2017-01-11,2,20.39,3412,16.81,1.2129685096844183,16.16,1.2617574376564917
2017-01-11,3,23.3,3886,16.81,1.3860797584917581,16.16,1.441831696782553
2017-01-11,2,20.5,6576,16.81,1.219512233866139,16.16,1.2685643684138341
2017-01-11,3,17.05,3403,16.81,1.0142772481667157,16.16,1.0550742673880915
2017-01-11,21,21.36,265,16.81,1.270672259286865,16.16,1.321782190698512
2017-01-11,21,21.09,3035,16.81,1.254610390840823,16.16,1.3050742697486715
2017-01-11,19,18.07,3035,16.81,1.0749554178517626,16.16,1.1181930798652675
2017-01-11,2,21.4,1196,16.81,1.273051795352945,16.16,1.3242574382466366
2017-01-11,3,22.99,265,16.81,1.367638353979636,16.16,1.4226485282845875
2017-01-11,19,18.13,6513,16.81,1.078524721950883,16.16,1.1219059511874543
2017-01-11,21,22.35,6513,16.81,1.3295657769223517,16.16,1.383044567514595
2017-01-11,2,20.77,265,16.81,1.235574102312181,16.16,1.285272289363675
2017-01-11,6,11.01,6513,16.81,0.6549673021885947,16.16,0.6813118876212836
2017-01-11,21,21.32,3886,16.81,1.2682927232207846,16.16,1.3193069431503877
2017-01-11,2,19.02,7838,16.81,1.131469399421169,16.16,1.1769802091332258
2017-01-11,21,19.99,3412,16.81,1.1891731490236155,16.16,1.2370049621752461
2017-01-11,19,18.07,2897,16.81,1.0749554178517626,16.16,1.1181930798652675
2017-01-11,19,18.25,3639,16.81,1.0856633301491239,16.16,1.129331693831828
2017-01-11,2,20.46,3658,16.81,1.217132697800059,16.16,1.2660891208657097
2017-01-11,3,22.76,5307,16.81,1.3539560215996744,16.16,1.4084158548828716
2017-01-11,21,19.75,2771,16.81,1.174895932627134,16.16,1.2221534768864988
2017-01-11,3,22.45,3658,16.81,1.3355146170875523,16.16,1.3892326863849063
2017-01-11,21,21.06,6536,16.81,1.2528257387912627,16.16,1.303217834087578
2017-01-11,19,18.09,1808,16.81,1.0761451858848028,16.16,1.1194307036393298
2017-01-11,19,18.13,3886,16.81,1.078524721950883,16.16,1.1219059511874543
2017-01-11,2,14.87,1396,16.81,0.8845925325653409,16.16,0.9201732760153031
2017-01-11,21,20.36,3658,16.81,1.2111838576348581,16.16,1.2599010019953982
2017-01-11,6,10.0,7718,16.81,0.5948840165200678,16.16,0.6188118870311387
2017-01-11,3,22.89,6536,16.81,1.3616895138144354,16.16,1.4164604094142763
2017-01-11,19,18.25,3658,16.81,1.0856633301491239,16.16,1.129331693831828
2017-01-11,2,20.63,5307,16.81,1.2272457260809,16.16,1.2766089229452389
2017-01-11,2,19.06,2771,16.81,1.1338489354872492,16.16,1.1794554566813502
2017-01-11,3,22.99,3505,16.81,1.367638353979636,16.16,1.4226485282845875
2017-01-11,19,18.22,4337,16.81,1.0838786780995635,16.16,1.1274752581707346
2017-01-11,21,20.36,3639,16.81,1.2111838576348581,16.16,1.2599010019953982
2017-01-11,3,22.63,1700,16.81,1.3462225293849135,16.16,1.4003713003514666
2017-01-11,2,20.53,1700,16.81,1.2212968859156994,16.16,1.2704208040749276
2017-01-11,19,18.8,5307,16.81,1.1183819510577275,16.16,1.1633663476185407
2017-01-11,2,20.34,7727,16.81,1.209994089601818,16.16,1.258663378221336
2017-01-11,19,17.91,3412,16.81,1.0654372735874416,16.16,1.1082920896727693
2017-01-11,19,18.13,6576,16.81,1.078524721950883,16.16,1.1219059511874543
2017-01-11,21,21.28,5307,16.81,1.2659131871547045,16.16,1.3168316956022632
2017-01-11,2,19.06,1317,16.81,1.1338489354872492,16.16,1.1794554566813502
2017-01-11,2,20.46,3639,16.81,1.217132697800059,16.16,1.2660891208657097
2017-01-11,2,20.88,3505,16.81,1.2421178264939017,16.16,1.2920792201210174
2017-01-11,19,18.02,6536,16.81,1.0719809977691621,16.16,1.1150990204301119
2017-01-11,3,22.63,7718,16.81,1.3462225293849135,16.16,1.4003713003514666
2017-01-11,3,23.3,3017,16.81,1.3860797584917581,16.16,1.441831696782553
2017-01-11,3,22.45,3639,16.81,1.3355146170875523,16.16,1.3892326863849063
2017-01-11,2,20.53,7718,16.81,1.2212968859156994,16.16,1.2704208040749276
2017-01-11,19,18.22,265,16.81,1.0838786780995635,16.16,1.1274752581707346
2017-01-11,21,21.32,3017,16.81,1.2682927232207846,16.16,1.3193069431503877
2017-01-11,21,21.05,3464,16.81,1.252230854774743,16.16,1.3025990222005468
2017-01-11,3,21.7,1395,16.81,1.2908983158485472,16.16,1.342821794857571
2017-01-11,19,18.39,7086,16.81,1.0939917063804048,16.16,1.137995060250264
2017-01-11,2,20.62,4106,16.81,1.22665084206438,16.16,1.275990111058208
2017-01-11,3,23.03,7347,16.81,1.3700178900457163,16.16,1.4251237758327124
2017-01-11,19,16.41,3403,16.81,0.9762046711094313,16.16,1.0154703066180986
2017-01-11,2,20.88,7347,16.81,1.2421178264939017,16.16,1.2920792201210174
2017-01-11,19,18.07,6889,16.81,1.0749554178517626,16.16,1.1181930798652675
2017-01-11,2,20.39,3417,16.81,1.2129685096844183,16.16,1.2617574376564917
2017-01-11,2,19.29,4015,16.81,1.1475312678672107,16.16,1.1936881300830664
2017-01-11,21,20.57,1395,16.81,1.2236764219817795,16.16,1.2728960516230523
2017-01-11,19,18.25,391,16.81,1.0856633301491239,16.16,1.129331693831828
2017-01-11,19,16.33,6947,16.81,0.9714455989772707,16.16,1.0105198115218492
2017-01-11,2,14.88,7950,16.81,0.885187416581861,16.16,0.9207920879023344
2017-01-11,21,21.32,391,16.81,1.2682927232207846,16.16,1.3193069431503877
2017-01-11,19,17.32,1805,16.81,1.0303391166127576,16.16,1.0717821883379322
2017-01-11,19,17.32,2505,16.81,1.0303391166127576,16.16,1.0717821883379322
2017-01-11,3,21.39,4015,16.81,1.2724569113364252,16.16,1.3236386263596056
2017-01-11,3,15.77,3956,16.81,0.9381320940521469,16.16,0.9758663458481056
2017-01-11,3,23.3,391,16.81,1.3860797584917581,16.16,1.441831696782553
2017-01-11,3,17.04,7950,16.81,1.0136823641501955,16.16,1.0544554555010601
2017-01-11,2,20.62,391,16.81,1.22665084206438,16.16,1.275990111058208
2017-01-11,3,20.98,2505,16.81,1.2480666666591023,16.16,1.2982673389913288
2017-01-11,19,18.25,405,16.81,1.0856633301491239,16.16,1.129331693831828
2017-01-11,21,20.09,4015,16.81,1.1951219891888163,16.16,1.2431930810455576
2017-01-11,19,17.78,1395,16.81,1.0577037813726806,16.16,1.1002475351413645
2017-01-11,2,22.19,7776,16.81,1.3200476326580306,16.16,1.3731435773220968
2017-01-11,2,20.67,7020,16.81,1.2296252621469803,16.16,1.2790841704933638
2017-01-11,21,18.79,6947,16.81,1.1177870670412073,16.16,1.1627475357315096
2017-01-11,19,18.09,5004,16.81,1.0761451858848028,16.16,1.1194307036393298
2017-01-11,6,10.98,7086,16.81,0.6531826501390345,16.16,0.6794554519601903
2017-01-11,21,21.18,5004,16.81,1.2599643469895037,16.16,1.3106435767319515
2017-01-11,2,20.91,7086,16.81,1.2439024785434618,16.16,1.293935655782111
2017-01-11,3,17.04,6946,16.81,1.0136823641501955,16.16,1.0544554555010601
2017-01-11,2,14.88,6946,16.81,0.885187416581861,16.16,0.9207920879023344
2017-01-11,19,15.54,1396,16.81,0.9244497616721854,16.16,0.9616336724463894
2017-01-11,21,21.3,5027,16.81,1.2671029551877446,16.16,1.3180693193763253
2017-01-11,2,20.77,5923,16.81,1.235574102312181,16.16,1.285272289363675
2017-01-11,3,22.55,4106,16.81,1.341463457252753,16.16,1.3954208052552177
2017-01-11,19,16.5,8134,16.81,0.9815586272581119,16.16,1.0210396136013788
2017-01-11,2,18.99,1395,16.81,1.1296847473716087,16.16,1.1751237734721323
2017-01-11,21,21.09,6889,16.81,1.254610390840823,16.16,1.3050742697486715
